seed,l0,l2,l_inf,minimum_change,true_label,adv_label,position_adv_label_in_original_pred
1772,104,3.4172347405202546,0.3921568627450981,0.00784313725490196,1,2,3
33502,107,3.427637182540276,0.3921568627450981,0.01568627450980392,9,7,3
