seed,l0,l2,l_inf,minimum_change,true_label,adv_label,position_adv_label_in_original_pred,first_largest,second_largest,third_largest,fourth_largest,fifth_largest,last_largest,alpha,iter
1448,501,0.8254692373101985,0.0392156862745098,0.0039215686274509665,4,6,2,1.0,1.53856e-08,3.4212433e-10,2.3765622e-13,4.4217458e-14,2.4445141e-19,0.00392156862745098,9
6418,343,0.435770804175344,0.023529411764705882,0.0235294117647058,5,4,2,1.0,2.2057021e-08,1.3669549e-08,1.6485627e-09,1.1455102e-09,2.171179e-19,0.00392156862745098,5
6871,469,0.7335954234387452,0.03529411764705882,0.007843137254901933,7,8,2,1.0,2.3808364e-09,1.172257e-09,2.2074634e-10,2.0999449e-11,3.5978226e-26,0.00392156862745098,8
7438,416,0.6995687142842951,0.03529411764705884,0.0039215686274509665,7,4,2,1.0,3.7691255e-08,8.835063e-11,2.0904537e-11,1.23709844e-11,1.2069296e-23,0.00392156862745098,8
8950,457,0.6577138179779196,0.03137254901960784,0.0039215686274509665,4,2,2,1.0,5.0156324e-09,5.66419e-10,1.3581454e-11,8.870907e-12,8.860441e-19,0.00392156862745098,7
9022,443,0.808794414211561,0.0392156862745098,0.007843137254901933,7,3,2,1.0,1.0599478e-08,5.6197436e-11,1.92978e-11,1.6432799e-12,8.0935874e-30,0.00392156862745098,9
9370,466,0.5733676661483363,0.027450980392156862,0.0039215686274509665,4,6,2,1.0,4.2543986e-09,1.14296274e-10,1.10552247e-13,8.587431e-14,2.9840763e-19,0.00392156862745098,6
