seed,l0,l2,l_inf,minimum_change,true_label,adv_label,position_adv_label_in_original_pred,first_largest,second_largest,third_largest,fourth_largest,fifth_largest,last_largest,epsilon
6418,343,0.3704051835490427,0.020000000000000018,0.01999999999999999,5,4,2,1.0,2.2057021e-08,1.3669549e-08,1.6485627e-09,1.1455102e-09,2.171179e-19,0.02
9370,466,0.5223298569208812,0.025000000000000022,0.0039215686274509665,4,6,2,1.0,4.2543986e-09,1.14296274e-10,1.10552247e-13,8.587431e-14,2.9840763e-19,0.025
